누락된 상품 고유 ID,자동 진단 결과,상세 확인용 링크
11001rm02961h001,✅ 판매 중 (리뷰가 아직 0개인 신상품),https://www.fila.co.kr/product/11001rm02961h001
1100fs261bc01f004001,✅ 판매 중 (리뷰가 아직 0개인 신상품),https://www.fila.co.kr/product/1100fs261bc01f004001
1100fs261bc01f004260,✅ 판매 중 (리뷰가 아직 0개인 신상품),https://www.fila.co.kr/product/1100fs261bc01f004260
1100fs261bc01f005442,✅ 판매 중 (리뷰가 아직 0개인 신상품),https://www.fila.co.kr/product/1100fs261bc01f005442
1100fs261bc01f010001,✅ 판매 중 (리뷰가 아직 0개인 신상품),https://www.fila.co.kr/product/1100fs261bc01f010001
1100fs261bc01f010191,✅ 판매 중 (리뷰가 아직 0개인 신상품),https://www.fila.co.kr/product/1100fs261bc01f010191
1100fs261bc01f010650,✅ 판매 중 (리뷰가 아직 0개인 신상품),https://www.fila.co.kr/product/1100fs261bc01f010650
1100fs261bc01x002001,✅ 판매 중 (리뷰가 아직 0개인 신상품),https://www.fila.co.kr/product/1100fs261bc01x002001
1100fs261bc01x002002,✅ 판매 중 (리뷰가 아직 0개인 신상품),https://www.fila.co.kr/product/1100fs261bc01x002002
1100fs261bc01x003001,✅ 판매 중 (리뷰가 아직 0개인 신상품),https://www.fila.co.kr/product/1100fs261bc01x003001
1100fs261bc01x003260,✅ 판매 중 (리뷰가 아직 0개인 신상품),https://www.fila.co.kr/product/1100fs261bc01x003260
1100fs261bc01x006001,✅ 판매 중 (리뷰가 아직 0개인 신상품),https://www.fila.co.kr/product/1100fs261bc01x006001
1100fs261bc01x006260,✅ 판매 중 (리뷰가 아직 0개인 신상품),https://www.fila.co.kr/product/1100fs261bc01x006260
1100fs261bc01x006330,✅ 판매 중 (리뷰가 아직 0개인 신상품),https://www.fila.co.kr/product/1100fs261bc01x006330
1100fs261bc01x009001,✅ 판매 중 (리뷰가 아직 0개인 신상품),https://www.fila.co.kr/product/1100fs261bc01x009001
1100fs261bc01x009150,✅ 판매 중 (리뷰가 아직 0개인 신상품),https://www.fila.co.kr/product/1100fs261bc01x009150
1100fs261bc01x009626,✅ 판매 중 (리뷰가 아직 0개인 신상품),https://www.fila.co.kr/product/1100fs261bc01x009626
1100fs261bc01x010021,✅ 판매 중 (리뷰가 아직 0개인 신상품),https://www.fila.co.kr/product/1100fs261bc01x010021
1100fs261bc01x010191,✅ 판매 중 (리뷰가 아직 0개인 신상품),https://www.fila.co.kr/product/1100fs261bc01x010191
1100fs261bp01x009006,✅ 판매 중 (리뷰가 아직 0개인 신상품),https://www.fila.co.kr/product/1100fs261bp01x009006
1100fs261bp01x009360,✅ 판매 중 (리뷰가 아직 0개인 신상품),https://www.fila.co.kr/product/1100fs261bp01x009360
1100fs261bp01x009581,✅ 판매 중 (리뷰가 아직 0개인 신상품),https://www.fila.co.kr/product/1100fs261bp01x009581
1100fs261bp01x009650,✅ 판매 중 (리뷰가 아직 0개인 신상품),https://www.fila.co.kr/product/1100fs261bp01x009650
1100fs261cp01f003442,✅ 판매 중 (리뷰가 아직 0개인 신상품),https://www.fila.co.kr/product/1100fs261cp01f003442
1100fs261cp01f003650,✅ 판매 중 (리뷰가 아직 0개인 신상품),https://www.fila.co.kr/product/1100fs261cp01f003650
1100fs261cp01f003651,✅ 판매 중 (리뷰가 아직 0개인 신상품),https://www.fila.co.kr/product/1100fs261cp01f003651
1100fs261cp01f003717,✅ 판매 중 (리뷰가 아직 0개인 신상품),https://www.fila.co.kr/product/1100fs261cp01f003717
1100fs261cp01x001001,✅ 판매 중 (리뷰가 아직 0개인 신상품),https://www.fila.co.kr/product/1100fs261cp01x001001
1100fs261cp01x001462,✅ 판매 중 (리뷰가 아직 0개인 신상품),https://www.fila.co.kr/product/1100fs261cp01x001462
1100fs261cp01x003001,✅ 판매 중 (리뷰가 아직 0개인 신상품),https://www.fila.co.kr/product/1100fs261cp01x003001
1100fs261cp01x003150,✅ 판매 중 (리뷰가 아직 0개인 신상품),https://www.fila.co.kr/product/1100fs261cp01x003150
1100fs261cp01x005613,✅ 판매 중 (리뷰가 아직 0개인 신상품),https://www.fila.co.kr/product/1100fs261cp01x005613
1100fs261cp01x005614,✅ 판매 중 (리뷰가 아직 0개인 신상품),https://www.fila.co.kr/product/1100fs261cp01x005614
1100fs261cp01x008217,✅ 판매 중 (리뷰가 아직 0개인 신상품),https://www.fila.co.kr/product/1100fs261cp01x008217
1100fs261cp01x008472,✅ 판매 중 (리뷰가 아직 0개인 신상품),https://www.fila.co.kr/product/1100fs261cp01x008472
1100fs261cp01x009001,✅ 판매 중 (리뷰가 아직 0개인 신상품),https://www.fila.co.kr/product/1100fs261cp01x009001
1100fs261cp01x009006,✅ 판매 중 (리뷰가 아직 0개인 신상품),https://www.fila.co.kr/product/1100fs261cp01x009006
1100fs261cp01x009260,✅ 판매 중 (리뷰가 아직 0개인 신상품),https://www.fila.co.kr/product/1100fs261cp01x009260
1100fs261cp01x011001,✅ 판매 중 (리뷰가 아직 0개인 신상품),https://www.fila.co.kr/product/1100fs261cp01x011001
1100fs261cp01x011150,✅ 판매 중 (리뷰가 아직 0개인 신상품),https://www.fila.co.kr/product/1100fs261cp01x011150
1100fs261cp01x011234,✅ 판매 중 (리뷰가 아직 0개인 신상품),https://www.fila.co.kr/product/1100fs261cp01x011234
1100fs261cp01x014001,✅ 판매 중 (리뷰가 아직 0개인 신상품),https://www.fila.co.kr/product/1100fs261cp01x014001
1100fs261cp01x014217,✅ 판매 중 (리뷰가 아직 0개인 신상품),https://www.fila.co.kr/product/1100fs261cp01x014217
1100fs261cp01x014613,✅ 판매 중 (리뷰가 아직 0개인 신상품),https://www.fila.co.kr/product/1100fs261cp01x014613
1100fs261cp01x017217,✅ 판매 중 (리뷰가 아직 0개인 신상품),https://www.fila.co.kr/product/1100fs261cp01x017217
1100fs261cp01x017218,✅ 판매 중 (리뷰가 아직 0개인 신상품),https://www.fila.co.kr/product/1100fs261cp01x017218
1100fs261cp01x019001,✅ 판매 중 (리뷰가 아직 0개인 신상품),https://www.fila.co.kr/product/1100fs261cp01x019001
1100fs261cp01x019250,✅ 판매 중 (리뷰가 아직 0개인 신상품),https://www.fila.co.kr/product/1100fs261cp01x019250
1100fs261fp01x004001,✅ 판매 중 (리뷰가 아직 0개인 신상품),https://www.fila.co.kr/product/1100fs261fp01x004001
1100fs261fp01x005001,✅ 판매 중 (리뷰가 아직 0개인 신상품),https://www.fila.co.kr/product/1100fs261fp01x005001
1100fs261fp01x005290,✅ 판매 중 (리뷰가 아직 0개인 신상품),https://www.fila.co.kr/product/1100fs261fp01x005290
1100fs261ft01f001234,✅ 판매 중 (리뷰가 아직 0개인 신상품),https://www.fila.co.kr/product/1100fs261ft01f001234
1100fs261ft01f001290,✅ 판매 중 (리뷰가 아직 0개인 신상품),https://www.fila.co.kr/product/1100fs261ft01f001290
1100fs261ip02f002001,✅ 판매 중 (리뷰가 아직 0개인 신상품),https://www.fila.co.kr/product/1100fs261ip02f002001
1100fs261jk01f002261,✅ 판매 중 (리뷰가 아직 0개인 신상품),https://www.fila.co.kr/product/1100fs261jk01f002261
1100fs261od03x031001,✅ 판매 중 (리뷰가 아직 0개인 신상품),https://www.fila.co.kr/product/1100fs261od03x031001
1100fs261od03x031100,✅ 판매 중 (리뷰가 아직 0개인 신상품),https://www.fila.co.kr/product/1100fs261od03x031100
1100fs261od03x031260,✅ 판매 중 (리뷰가 아직 0개인 신상품),https://www.fila.co.kr/product/1100fs261od03x031260
1100fs261po01f001001,✅ 판매 중 (리뷰가 아직 0개인 신상품),https://www.fila.co.kr/product/1100fs261po01f001001
1100fs261po01f001626,✅ 판매 중 (리뷰가 아직 0개인 신상품),https://www.fila.co.kr/product/1100fs261po01f001626
1100fs261po01f003293,✅ 판매 중 (리뷰가 아직 0개인 신상품),https://www.fila.co.kr/product/1100fs261po01f003293
1100fs261po01f003442,✅ 판매 중 (리뷰가 아직 0개인 신상품),https://www.fila.co.kr/product/1100fs261po01f003442
1100fs261po01u002001,✅ 판매 중 (리뷰가 아직 0개인 신상품),https://www.fila.co.kr/product/1100fs261po01u002001
1100fs261po01u002234,✅ 판매 중 (리뷰가 아직 0개인 신상품),https://www.fila.co.kr/product/1100fs261po01u002234
1100fs261po01x001234,✅ 판매 중 (리뷰가 아직 0개인 신상품),https://www.fila.co.kr/product/1100fs261po01x001234
1100fs261po01x001293,✅ 판매 중 (리뷰가 아직 0개인 신상품),https://www.fila.co.kr/product/1100fs261po01x001293
1100fs261po01x001380,✅ 판매 중 (리뷰가 아직 0개인 신상품),https://www.fila.co.kr/product/1100fs261po01x001380
1100fs261po01x013066,✅ 판매 중 (리뷰가 아직 0개인 신상품),https://www.fila.co.kr/product/1100fs261po01x013066
1100fs261rl01x003022,✅ 판매 중 (리뷰가 아직 0개인 신상품),https://www.fila.co.kr/product/1100fs261rl01x003022
1100fs261rl01x003442,✅ 판매 중 (리뷰가 아직 0개인 신상품),https://www.fila.co.kr/product/1100fs261rl01x003442
1100fs261rl02f001041,✅ 판매 중 (리뷰가 아직 0개인 신상품),https://www.fila.co.kr/product/1100fs261rl02f001041
1100fs261rl02f002001,✅ 판매 중 (리뷰가 아직 0개인 신상품),https://www.fila.co.kr/product/1100fs261rl02f002001
1100fs261rl02f002041,✅ 판매 중 (리뷰가 아직 0개인 신상품),https://www.fila.co.kr/product/1100fs261rl02f002041
1100fs261rl02u002001,✅ 판매 중 (리뷰가 아직 0개인 신상품),https://www.fila.co.kr/product/1100fs261rl02u002001
1100fs261rl02u002191,✅ 판매 중 (리뷰가 아직 0개인 신상품),https://www.fila.co.kr/product/1100fs261rl02u002191
1100fs261rl02u002472,✅ 판매 중 (리뷰가 아직 0개인 신상품),https://www.fila.co.kr/product/1100fs261rl02u002472
1100fs261rl02x001191,✅ 판매 중 (리뷰가 아직 0개인 신상품),https://www.fila.co.kr/product/1100fs261rl02x001191
1100fs261ru02x048001,✅ 판매 중 (리뷰가 아직 0개인 신상품),https://www.fila.co.kr/product/1100fs261ru02x048001
1100fs261ru02x048370,✅ 판매 중 (리뷰가 아직 0개인 신상품),https://www.fila.co.kr/product/1100fs261ru02x048370
1100fs261ru03x017001,✅ 판매 중 (리뷰가 아직 0개인 신상품),https://www.fila.co.kr/product/1100fs261ru03x017001
1100fs261ru03x017101,✅ 판매 중 (리뷰가 아직 0개인 신상품),https://www.fila.co.kr/product/1100fs261ru03x017101
1100fs261ru03x046001,✅ 판매 중 (리뷰가 아직 0개인 신상품),https://www.fila.co.kr/product/1100fs261ru03x046001
1100fs261ru03x046002,✅ 판매 중 (리뷰가 아직 0개인 신상품),https://www.fila.co.kr/product/1100fs261ru03x046002
1100fs261ru03x046003,✅ 판매 중 (리뷰가 아직 0개인 신상품),https://www.fila.co.kr/product/1100fs261ru03x046003
1100fs261ru03x046260,✅ 판매 중 (리뷰가 아직 0개인 신상품),https://www.fila.co.kr/product/1100fs261ru03x046260
1100fs261sc01f001066,✅ 판매 중 (리뷰가 아직 0개인 신상품),https://www.fila.co.kr/product/1100fs261sc01f001066
1100fs261sc01f001191,✅ 판매 중 (리뷰가 아직 0개인 신상품),https://www.fila.co.kr/product/1100fs261sc01f001191
1100fs261sc01f001442,✅ 판매 중 (리뷰가 아직 0개인 신상품),https://www.fila.co.kr/product/1100fs261sc01f001442
1100fs261sc01x002001,✅ 판매 중 (리뷰가 아직 0개인 신상품),https://www.fila.co.kr/product/1100fs261sc01x002001
1100fs261sc01x002191,✅ 판매 중 (리뷰가 아직 0개인 신상품),https://www.fila.co.kr/product/1100fs261sc01x002191
1100fs261sc01x003001,✅ 판매 중 (리뷰가 아직 0개인 신상품),https://www.fila.co.kr/product/1100fs261sc01x003001
1100fs261sc01x003191,✅ 판매 중 (리뷰가 아직 0개인 신상품),https://www.fila.co.kr/product/1100fs261sc01x003191
1100fs261sc01x004001,✅ 판매 중 (리뷰가 아직 0개인 신상품),https://www.fila.co.kr/product/1100fs261sc01x004001
1100fs261sc01x004191,✅ 판매 중 (리뷰가 아직 0개인 신상품),https://www.fila.co.kr/product/1100fs261sc01x004191
1100fs261sc01x006192,✅ 판매 중 (리뷰가 아직 0개인 신상품),https://www.fila.co.kr/product/1100fs261sc01x006192
1100fs261sc01x007001,✅ 판매 중 (리뷰가 아직 0개인 신상품),https://www.fila.co.kr/product/1100fs261sc01x007001
1100fs261sc01x007191,✅ 판매 중 (리뷰가 아직 0개인 신상품),https://www.fila.co.kr/product/1100fs261sc01x007191
1100fs261sc01x008001,✅ 판매 중 (리뷰가 아직 0개인 신상품),https://www.fila.co.kr/product/1100fs261sc01x008001
1100fs261sc01x008191,✅ 판매 중 (리뷰가 아직 0개인 신상품),https://www.fila.co.kr/product/1100fs261sc01x008191
1100fs261sk01f003217,✅ 판매 중 (리뷰가 아직 0개인 신상품),https://www.fila.co.kr/product/1100fs261sk01f003217
1100fs261sk01f004472,✅ 판매 중 (리뷰가 아직 0개인 신상품),https://www.fila.co.kr/product/1100fs261sk01f004472
1100fs261wp01x002006,✅ 판매 중 (리뷰가 아직 0개인 신상품),https://www.fila.co.kr/product/1100fs261wp01x002006
1100fs261wp01x002331,✅ 판매 중 (리뷰가 아직 0개인 신상품),https://www.fila.co.kr/product/1100fs261wp01x002331
1100fs262bc01f001217,✅ 판매 중 (리뷰가 아직 0개인 신상품),https://www.fila.co.kr/product/1100fs262bc01f001217
1100fs262bc01f001456,✅ 판매 중 (리뷰가 아직 0개인 신상품),https://www.fila.co.kr/product/1100fs262bc01f001456
1100fs262bc01f001690,✅ 판매 중 (리뷰가 아직 0개인 신상품),https://www.fila.co.kr/product/1100fs262bc01f001690
1100fs262bc01x002001,✅ 판매 중 (리뷰가 아직 0개인 신상품),https://www.fila.co.kr/product/1100fs262bc01x002001
1100fs262bc01x002002,✅ 판매 중 (리뷰가 아직 0개인 신상품),https://www.fila.co.kr/product/1100fs262bc01x002002
1100fs262bc01x002021,✅ 판매 중 (리뷰가 아직 0개인 신상품),https://www.fila.co.kr/product/1100fs262bc01x002021
1100fs262bd11x002014,✅ 판매 중 (리뷰가 아직 0개인 신상품),https://www.fila.co.kr/product/1100fs262bd11x002014
1100fs262bd11x002191,✅ 판매 중 (리뷰가 아직 0개인 신상품),https://www.fila.co.kr/product/1100fs262bd11x002191
1100fs262bd11x002700,✅ 판매 중 (리뷰가 아직 0개인 신상품),https://www.fila.co.kr/product/1100fs262bd11x002700
1100fs262bd11x007175,✅ 판매 중 (리뷰가 아직 0개인 신상품),https://www.fila.co.kr/product/1100fs262bd11x007175
1100fs262bd11x007472,✅ 판매 중 (리뷰가 아직 0개인 신상품),https://www.fila.co.kr/product/1100fs262bd11x007472
1100fs262bp01f001001,✅ 판매 중 (리뷰가 아직 0개인 신상품),https://www.fila.co.kr/product/1100fs262bp01f001001
1100fs262bp01f001260,✅ 판매 중 (리뷰가 아직 0개인 신상품),https://www.fila.co.kr/product/1100fs262bp01f001260
1100fs262bp01f001442,✅ 판매 중 (리뷰가 아직 0개인 신상품),https://www.fila.co.kr/product/1100fs262bp01f001442
1100fs262bp11x001175,✅ 판매 중 (리뷰가 아직 0개인 신상품),https://www.fila.co.kr/product/1100fs262bp11x001175
1100fs262cp01x001001,✅ 판매 중 (리뷰가 아직 0개인 신상품),https://www.fila.co.kr/product/1100fs262cp01x001001
1100fs262cp01x001191,✅ 판매 중 (리뷰가 아직 0개인 신상품),https://www.fila.co.kr/product/1100fs262cp01x001191
1100fs262cp01x001330,✅ 판매 중 (리뷰가 아직 0개인 신상품),https://www.fila.co.kr/product/1100fs262cp01x001330
1100fs262cp01x002006,✅ 판매 중 (리뷰가 아직 0개인 신상품),https://www.fila.co.kr/product/1100fs262cp01x002006
1100fs262cp01x002217,✅ 판매 중 (리뷰가 아직 0개인 신상품),https://www.fila.co.kr/product/1100fs262cp01x002217
1100fs262cp01x002360,✅ 판매 중 (리뷰가 아직 0개인 신상품),https://www.fila.co.kr/product/1100fs262cp01x002360
1100fs262cp01x002496,✅ 판매 중 (리뷰가 아직 0개인 신상품),https://www.fila.co.kr/product/1100fs262cp01x002496
1100fs262cp01x002497,✅ 판매 중 (리뷰가 아직 0개인 신상품),https://www.fila.co.kr/product/1100fs262cp01x002497
1100fs262cp02x001001,✅ 판매 중 (리뷰가 아직 0개인 신상품),https://www.fila.co.kr/product/1100fs262cp02x001001
1100fs262cp02x001191,✅ 판매 중 (리뷰가 아직 0개인 신상품),https://www.fila.co.kr/product/1100fs262cp02x001191
1100fs262ft02f001001,✅ 판매 중 (리뷰가 아직 0개인 신상품),https://www.fila.co.kr/product/1100fs262ft02f001001
1100fs262ft02f001442,✅ 판매 중 (리뷰가 아직 0개인 신상품),https://www.fila.co.kr/product/1100fs262ft02f001442
1100fs262ft02f003001,✅ 판매 중 (리뷰가 아직 0개인 신상품),https://www.fila.co.kr/product/1100fs262ft02f003001
1100fs262ft02f003175,✅ 판매 중 (리뷰가 아직 0개인 신상품),https://www.fila.co.kr/product/1100fs262ft02f003175
1100fs262it02f001521,✅ 판매 중 (리뷰가 아직 0개인 신상품),https://www.fila.co.kr/product/1100fs262it02f001521
1100fs262it02f001522,✅ 판매 중 (리뷰가 아직 0개인 신상품),https://www.fila.co.kr/product/1100fs262it02f001522
1100fs262it02f004290,✅ 판매 중 (리뷰가 아직 0개인 신상품),https://www.fila.co.kr/product/1100fs262it02f004290
1100fs262it02f004650,✅ 판매 중 (리뷰가 아직 0개인 신상품),https://www.fila.co.kr/product/1100fs262it02f004650
1100fs262it11f002191,✅ 판매 중 (리뷰가 아직 0개인 신상품),https://www.fila.co.kr/product/1100fs262it11f002191
1100fs262it11f002462,✅ 판매 중 (리뷰가 아직 0개인 신상품),https://www.fila.co.kr/product/1100fs262it11f002462
1100fs262jk01f006175,✅ 판매 중 (리뷰가 아직 0개인 신상품),https://www.fila.co.kr/product/1100fs262jk01f006175
1100fs262jk01f007442,✅ 판매 중 (리뷰가 아직 0개인 신상품),https://www.fila.co.kr/product/1100fs262jk01f007442
1100fs262jk01x006002,✅ 판매 중 (리뷰가 아직 0개인 신상품),https://www.fila.co.kr/product/1100fs262jk01x006002
1100fs262jk01x006175,✅ 판매 중 (리뷰가 아직 0개인 신상품),https://www.fila.co.kr/product/1100fs262jk01x006175
1100fs262jk01x011001,✅ 판매 중 (리뷰가 아직 0개인 신상품),https://www.fila.co.kr/product/1100fs262jk01x011001
1100fs262jk02f004001,✅ 판매 중 (리뷰가 아직 0개인 신상품),https://www.fila.co.kr/product/1100fs262jk02f004001
1100fs262jk02f004651,✅ 판매 중 (리뷰가 아직 0개인 신상품),https://www.fila.co.kr/product/1100fs262jk02f004651
1100fs262jk02x002006,✅ 판매 중 (리뷰가 아직 0개인 신상품),https://www.fila.co.kr/product/1100fs262jk02x002006
1100fs262jk02x002191,✅ 판매 중 (리뷰가 아직 0개인 신상품),https://www.fila.co.kr/product/1100fs262jk02x002191
1100fs262jk02x002360,✅ 판매 중 (리뷰가 아직 0개인 신상품),https://www.fila.co.kr/product/1100fs262jk02x002360
1100fs262jk02x004452,✅ 판매 중 (리뷰가 아직 0개인 신상품),https://www.fila.co.kr/product/1100fs262jk02x004452
1100fs262jk02x005051,✅ 판매 중 (리뷰가 아직 0개인 신상품),https://www.fila.co.kr/product/1100fs262jk02x005051
1100fs262jk02x005052,✅ 판매 중 (리뷰가 아직 0개인 신상품),https://www.fila.co.kr/product/1100fs262jk02x005052
1100fs262jk02x005360,✅ 판매 중 (리뷰가 아직 0개인 신상품),https://www.fila.co.kr/product/1100fs262jk02x005360
1100fs262kn02x001001,✅ 판매 중 (리뷰가 아직 0개인 신상품),https://www.fila.co.kr/product/1100fs262kn02x001001
1100fs262kn02x001191,✅ 판매 중 (리뷰가 아직 0개인 신상품),https://www.fila.co.kr/product/1100fs262kn02x001191
1100fs262op01f001001,✅ 판매 중 (리뷰가 아직 0개인 신상품),https://www.fila.co.kr/product/1100fs262op01f001001
1100fs262op01f001330,✅ 판매 중 (리뷰가 아직 0개인 신상품),https://www.fila.co.kr/product/1100fs262op01f001330
1100fs262op11f001191,✅ 판매 중 (리뷰가 아직 0개인 신상품),https://www.fila.co.kr/product/1100fs262op11f001191
1100fs262op11f001462,✅ 판매 중 (리뷰가 아직 0개인 신상품),https://www.fila.co.kr/product/1100fs262op11f001462
1100fs262op11f002490,✅ 판매 중 (리뷰가 아직 0개인 신상품),https://www.fila.co.kr/product/1100fs262op11f002490
1100fs262op11f003001,✅ 판매 중 (리뷰가 아직 0개인 신상품),https://www.fila.co.kr/product/1100fs262op11f003001
1100fs262op11f003586,✅ 판매 중 (리뷰가 아직 0개인 신상품),https://www.fila.co.kr/product/1100fs262op11f003586
1100fs262rs01f002001,✅ 판매 중 (리뷰가 아직 0개인 신상품),https://www.fila.co.kr/product/1100fs262rs01f002001
1100fs262rs01f002360,✅ 판매 중 (리뷰가 아직 0개인 신상품),https://www.fila.co.kr/product/1100fs262rs01f002360
1100fs262rs01f009041,✅ 판매 중 (리뷰가 아직 0개인 신상품),https://www.fila.co.kr/product/1100fs262rs01f009041
1100fs262rs01f009472,✅ 판매 중 (리뷰가 아직 0개인 신상품),https://www.fila.co.kr/product/1100fs262rs01f009472
1100fs262rs01f019006,✅ 판매 중 (리뷰가 아직 0개인 신상품),https://www.fila.co.kr/product/1100fs262rs01f019006
1100fs262rs01f019175,✅ 판매 중 (리뷰가 아직 0개인 신상품),https://www.fila.co.kr/product/1100fs262rs01f019175
1100fs262rs01f021191-1,✅ 판매 중 (리뷰가 아직 0개인 신상품),https://www.fila.co.kr/product/1100fs262rs01f021191-1
1100fs262rs01f022217-1,✅ 판매 중 (리뷰가 아직 0개인 신상품),https://www.fila.co.kr/product/1100fs262rs01f022217-1
1100fs262rs01f025006,✅ 판매 중 (리뷰가 아직 0개인 신상품),https://www.fila.co.kr/product/1100fs262rs01f025006
1100fs262rs01f026191,✅ 판매 중 (리뷰가 아직 0개인 신상품),https://www.fila.co.kr/product/1100fs262rs01f026191
1100fs262rs01f027006,✅ 판매 중 (리뷰가 아직 0개인 신상품),https://www.fila.co.kr/product/1100fs262rs01f027006
1100fs262rs01f027191,✅ 판매 중 (리뷰가 아직 0개인 신상품),https://www.fila.co.kr/product/1100fs262rs01f027191
1100fs262rs01u011006,✅ 판매 중 (리뷰가 아직 0개인 신상품),https://www.fila.co.kr/product/1100fs262rs01u011006
1100fs262rs01u011191,✅ 판매 중 (리뷰가 아직 0개인 신상품),https://www.fila.co.kr/product/1100fs262rs01u011191
1100fs262rs01u011217,✅ 판매 중 (리뷰가 아직 0개인 신상품),https://www.fila.co.kr/product/1100fs262rs01u011217
1100fs262rs01x001042,✅ 판매 중 (리뷰가 아직 0개인 신상품),https://www.fila.co.kr/product/1100fs262rs01x001042
1100fs262rs01x001442,✅ 판매 중 (리뷰가 아직 0개인 신상품),https://www.fila.co.kr/product/1100fs262rs01x001442
1100fs262rs01x001717,✅ 판매 중 (리뷰가 아직 0개인 신상품),https://www.fila.co.kr/product/1100fs262rs01x001717
1100fs262rs01x003041,✅ 판매 중 (리뷰가 아직 0개인 신상품),https://www.fila.co.kr/product/1100fs262rs01x003041
1100fs262rs01x003613,✅ 판매 중 (리뷰가 아직 0개인 신상품),https://www.fila.co.kr/product/1100fs262rs01x003613
1100fs262rs01x014002,✅ 판매 중 (리뷰가 아직 0개인 신상품),https://www.fila.co.kr/product/1100fs262rs01x014002
1100fs262rs01x014442,✅ 판매 중 (리뷰가 아직 0개인 신상품),https://www.fila.co.kr/product/1100fs262rs01x014442
1100fs262rs01x014473,✅ 판매 중 (리뷰가 아직 0개인 신상품),https://www.fila.co.kr/product/1100fs262rs01x014473
1100fs262rs01x026061,✅ 판매 중 (리뷰가 아직 0개인 신상품),https://www.fila.co.kr/product/1100fs262rs01x026061
1100fs262rs01x026442,✅ 판매 중 (리뷰가 아직 0개인 신상품),https://www.fila.co.kr/product/1100fs262rs01x026442
1100fs262rs01x028191,✅ 판매 중 (리뷰가 아직 0개인 신상품),https://www.fila.co.kr/product/1100fs262rs01x028191
1100fs262rs01x028472,✅ 판매 중 (리뷰가 아직 0개인 신상품),https://www.fila.co.kr/product/1100fs262rs01x028472
1100fs262rs01x029001,✅ 판매 중 (리뷰가 아직 0개인 신상품),https://www.fila.co.kr/product/1100fs262rs01x029001
1100fs262rs01x029380,✅ 판매 중 (리뷰가 아직 0개인 신상품),https://www.fila.co.kr/product/1100fs262rs01x029380
1100fs262rs01x030006,✅ 판매 중 (리뷰가 아직 0개인 신상품),https://www.fila.co.kr/product/1100fs262rs01x030006
1100fs262rs01x031191,✅ 판매 중 (리뷰가 아직 0개인 신상품),https://www.fila.co.kr/product/1100fs262rs01x031191
1100fs262rs01x031456,✅ 판매 중 (리뷰가 아직 0개인 신상품),https://www.fila.co.kr/product/1100fs262rs01x031456
1100fs262rs01x034001,✅ 판매 중 (리뷰가 아직 0개인 신상품),https://www.fila.co.kr/product/1100fs262rs01x034001
1100fs262rs01x034061,✅ 판매 중 (리뷰가 아직 0개인 신상품),https://www.fila.co.kr/product/1100fs262rs01x034061
1100fs262rs01x034582,✅ 판매 중 (리뷰가 아직 0개인 신상품),https://www.fila.co.kr/product/1100fs262rs01x034582
1100fs262rs01x035006-1,✅ 판매 중 (리뷰가 아직 0개인 신상품),https://www.fila.co.kr/product/1100fs262rs01x035006-1
1100fs262rs01x036006,✅ 판매 중 (리뷰가 아직 0개인 신상품),https://www.fila.co.kr/product/1100fs262rs01x036006
1100fs262rs01x036191,✅ 판매 중 (리뷰가 아직 0개인 신상품),https://www.fila.co.kr/product/1100fs262rs01x036191
1100fs262rs01x037061-1,✅ 판매 중 (리뷰가 아직 0개인 신상품),https://www.fila.co.kr/product/1100fs262rs01x037061-1
1100fs262rs01x041001,✅ 판매 중 (리뷰가 아직 0개인 신상품),https://www.fila.co.kr/product/1100fs262rs01x041001
1100fs262rs01x041191,✅ 판매 중 (리뷰가 아직 0개인 신상품),https://www.fila.co.kr/product/1100fs262rs01x041191
1100fs262rs01x042001,✅ 판매 중 (리뷰가 아직 0개인 신상품),https://www.fila.co.kr/product/1100fs262rs01x042001
1100fs262rs01x042191,✅ 판매 중 (리뷰가 아직 0개인 신상품),https://www.fila.co.kr/product/1100fs262rs01x042191
1100fs262rs02f002001,✅ 판매 중 (리뷰가 아직 0개인 신상품),https://www.fila.co.kr/product/1100fs262rs02f002001
1100fs262rs02f002191,✅ 판매 중 (리뷰가 아직 0개인 신상품),https://www.fila.co.kr/product/1100fs262rs02f002191
1100fs262rs02f002521,✅ 판매 중 (리뷰가 아직 0개인 신상품),https://www.fila.co.kr/product/1100fs262rs02f002521
1100fs262rs02f003234,✅ 판매 중 (리뷰가 아직 0개인 신상품),https://www.fila.co.kr/product/1100fs262rs02f003234
1100fs262rs02f003442,✅ 판매 중 (리뷰가 아직 0개인 신상품),https://www.fila.co.kr/product/1100fs262rs02f003442
1100fs262rs02f004006,✅ 판매 중 (리뷰가 아직 0개인 신상품),https://www.fila.co.kr/product/1100fs262rs02f004006
1100fs262rs02f004191,✅ 판매 중 (리뷰가 아직 0개인 신상품),https://www.fila.co.kr/product/1100fs262rs02f004191
1100fs262rs02f009472,✅ 판매 중 (리뷰가 아직 0개인 신상품),https://www.fila.co.kr/product/1100fs262rs02f009472
1100fs262rs02f009626,✅ 판매 중 (리뷰가 아직 0개인 신상품),https://www.fila.co.kr/product/1100fs262rs02f009626
1100fs262rs02u003006,✅ 판매 중 (리뷰가 아직 0개인 신상품),https://www.fila.co.kr/product/1100fs262rs02u003006
1100fs262rs02u003670,✅ 판매 중 (리뷰가 아직 0개인 신상품),https://www.fila.co.kr/product/1100fs262rs02u003670
1100fs262rs02x004007,✅ 판매 중 (리뷰가 아직 0개인 신상품),https://www.fila.co.kr/product/1100fs262rs02x004007
1100fs262rs02x004191,✅ 판매 중 (리뷰가 아직 0개인 신상품),https://www.fila.co.kr/product/1100fs262rs02x004191
1100fs262rs02x006001,✅ 판매 중 (리뷰가 아직 0개인 신상품),https://www.fila.co.kr/product/1100fs262rs02x006001
1100fs262rs02x006521,✅ 판매 중 (리뷰가 아직 0개인 신상품),https://www.fila.co.kr/product/1100fs262rs02x006521
1100fs262rs02x006717,✅ 판매 중 (리뷰가 아직 0개인 신상품),https://www.fila.co.kr/product/1100fs262rs02x006717
1100fs262rs02x010006,✅ 판매 중 (리뷰가 아직 0개인 신상품),https://www.fila.co.kr/product/1100fs262rs02x010006
1100fs262rs02x010191,✅ 판매 중 (리뷰가 아직 0개인 신상품),https://www.fila.co.kr/product/1100fs262rs02x010191
1100fs262rs02x010670,✅ 판매 중 (리뷰가 아직 0개인 신상품),https://www.fila.co.kr/product/1100fs262rs02x010670
1100fs262rs11f002191,✅ 판매 중 (리뷰가 아직 0개인 신상품),https://www.fila.co.kr/product/1100fs262rs11f002191
1100fs262rs11f002717,✅ 판매 중 (리뷰가 아직 0개인 신상품),https://www.fila.co.kr/product/1100fs262rs11f002717
1100fs262rs11u003001,✅ 판매 중 (리뷰가 아직 0개인 신상품),https://www.fila.co.kr/product/1100fs262rs11u003001
1100fs262rs11u003191,✅ 판매 중 (리뷰가 아직 0개인 신상품),https://www.fila.co.kr/product/1100fs262rs11u003191
1100fs262rs11u003462,✅ 판매 중 (리뷰가 아직 0개인 신상품),https://www.fila.co.kr/product/1100fs262rs11u003462
1100fs262rs11u004191,✅ 판매 중 (리뷰가 아직 0개인 신상품),https://www.fila.co.kr/product/1100fs262rs11u004191
1100fs262rs11u004462,✅ 판매 중 (리뷰가 아직 0개인 신상품),https://www.fila.co.kr/product/1100fs262rs11u004462
1100fs262rs11x001001,✅ 판매 중 (리뷰가 아직 0개인 신상품),https://www.fila.co.kr/product/1100fs262rs11x001001
1100fs262rs11x001191,✅ 판매 중 (리뷰가 아직 0개인 신상품),https://www.fila.co.kr/product/1100fs262rs11x001191
1100fs262rs11x002001,✅ 판매 중 (리뷰가 아직 0개인 신상품),https://www.fila.co.kr/product/1100fs262rs11x002001
1100fs262rs11x002452,✅ 판매 중 (리뷰가 아직 0개인 신상품),https://www.fila.co.kr/product/1100fs262rs11x002452
1100fs262sc11f001001,✅ 판매 중 (리뷰가 아직 0개인 신상품),https://www.fila.co.kr/product/1100fs262sc11f001001
1100fs262sc11f001472,✅ 판매 중 (리뷰가 아직 0개인 신상품),https://www.fila.co.kr/product/1100fs262sc11f001472
1100fs262sc11f001650,✅ 판매 중 (리뷰가 아직 0개인 신상품),https://www.fila.co.kr/product/1100fs262sc11f001650
1100fs262sc11f001651,✅ 판매 중 (리뷰가 아직 0개인 신상품),https://www.fila.co.kr/product/1100fs262sc11f001651
1100fs262sc11x003472,✅ 판매 중 (리뷰가 아직 0개인 신상품),https://www.fila.co.kr/product/1100fs262sc11x003472
1100fs262sd03x002001,✅ 판매 중 (리뷰가 아직 0개인 신상품),https://www.fila.co.kr/product/1100fs262sd03x002001
1100fs262sd03x002031,✅ 판매 중 (리뷰가 아직 0개인 신상품),https://www.fila.co.kr/product/1100fs262sd03x002031
1100fs262sd03x003031,✅ 판매 중 (리뷰가 아직 0개인 신상품),https://www.fila.co.kr/product/1100fs262sd03x003031
1100fs262sd03x003217,✅ 판매 중 (리뷰가 아직 0개인 신상품),https://www.fila.co.kr/product/1100fs262sd03x003217
1100fs262sd03x006001,✅ 판매 중 (리뷰가 아직 0개인 신상품),https://www.fila.co.kr/product/1100fs262sd03x006001
1100fs262sd03x006260,✅ 판매 중 (리뷰가 아직 0개인 신상품),https://www.fila.co.kr/product/1100fs262sd03x006260
1100fs262sd03x010031,✅ 판매 중 (리뷰가 아직 0개인 신상품),https://www.fila.co.kr/product/1100fs262sd03x010031
1100fs262sd03x010100,✅ 판매 중 (리뷰가 아직 0개인 신상품),https://www.fila.co.kr/product/1100fs262sd03x010100
1100fs262sd03x010217,✅ 판매 중 (리뷰가 아직 0개인 신상품),https://www.fila.co.kr/product/1100fs262sd03x010217
1100fs262sk01f004021,✅ 판매 중 (리뷰가 아직 0개인 신상품),https://www.fila.co.kr/product/1100fs262sk01f004021
1100fs262sk11f001191,✅ 판매 중 (리뷰가 아직 0개인 신상품),https://www.fila.co.kr/product/1100fs262sk11f001191
1100fs262sk11f002191,✅ 판매 중 (리뷰가 아직 0개인 신상품),https://www.fila.co.kr/product/1100fs262sk11f002191
1100fs262sk11f003001,✅ 판매 중 (리뷰가 아직 0개인 신상품),https://www.fila.co.kr/product/1100fs262sk11f003001
1100fs262sk11f003690,✅ 판매 중 (리뷰가 아직 0개인 신상품),https://www.fila.co.kr/product/1100fs262sk11f003690
1100fs262sk11f004001,✅ 판매 중 (리뷰가 아직 0개인 신상품),https://www.fila.co.kr/product/1100fs262sk11f004001
1100fs262sk11f004191,✅ 판매 중 (리뷰가 아직 0개인 신상품),https://www.fila.co.kr/product/1100fs262sk11f004191
1100fs262su01f001260,✅ 판매 중 (리뷰가 아직 0개인 신상품),https://www.fila.co.kr/product/1100fs262su01f001260
1100fs262su01f001472,✅ 판매 중 (리뷰가 아직 0개인 신상품),https://www.fila.co.kr/product/1100fs262su01f001472
1100fs262tr01f005001,✅ 판매 중 (리뷰가 아직 0개인 신상품),https://www.fila.co.kr/product/1100fs262tr01f005001
1100fs262tr01f005175,✅ 판매 중 (리뷰가 아직 0개인 신상품),https://www.fila.co.kr/product/1100fs262tr01f005175
1100fs262tr01u002002,✅ 판매 중 (리뷰가 아직 0개인 신상품),https://www.fila.co.kr/product/1100fs262tr01u002002
1100fs262tr01x001041,✅ 판매 중 (리뷰가 아직 0개인 신상품),https://www.fila.co.kr/product/1100fs262tr01x001041
1100fs262tr01x002002,✅ 판매 중 (리뷰가 아직 0개인 신상품),https://www.fila.co.kr/product/1100fs262tr01x002002
1100fs262tr01x002331,✅ 판매 중 (리뷰가 아직 0개인 신상품),https://www.fila.co.kr/product/1100fs262tr01x002331
1100fs262tr01x003443,✅ 판매 중 (리뷰가 아직 0개인 신상품),https://www.fila.co.kr/product/1100fs262tr01x003443
1100fs262tr01x004001,✅ 판매 중 (리뷰가 아직 0개인 신상품),https://www.fila.co.kr/product/1100fs262tr01x004001
1100fs262tr01x004066,✅ 판매 중 (리뷰가 아직 0개인 신상품),https://www.fila.co.kr/product/1100fs262tr01x004066
1100fs262tr01x005001,✅ 판매 중 (리뷰가 아직 0개인 신상품),https://www.fila.co.kr/product/1100fs262tr01x005001
1100fs262tr01x006234,✅ 판매 중 (리뷰가 아직 0개인 신상품),https://www.fila.co.kr/product/1100fs262tr01x006234
1100fs262tr01x007041,✅ 판매 중 (리뷰가 아직 0개인 신상품),https://www.fila.co.kr/product/1100fs262tr01x007041
1100fs262tr01x007235,✅ 판매 중 (리뷰가 아직 0개인 신상품),https://www.fila.co.kr/product/1100fs262tr01x007235
1100fs262tr01x007496,✅ 판매 중 (리뷰가 아직 0개인 신상품),https://www.fila.co.kr/product/1100fs262tr01x007496
1100fs262tr01x008717,✅ 판매 중 (리뷰가 아직 0개인 신상품),https://www.fila.co.kr/product/1100fs262tr01x008717
1100fs262tr02f001001,✅ 판매 중 (리뷰가 아직 0개인 신상품),https://www.fila.co.kr/product/1100fs262tr02f001001
1100fs262tr02f001521,✅ 판매 중 (리뷰가 아직 0개인 신상품),https://www.fila.co.kr/product/1100fs262tr02f001521
1100fs262tr02f001690,✅ 판매 중 (리뷰가 아직 0개인 신상품),https://www.fila.co.kr/product/1100fs262tr02f001690
1100fs262tr02f003006,✅ 판매 중 (리뷰가 아직 0개인 신상품),https://www.fila.co.kr/product/1100fs262tr02f003006
1100fs262tr02f003442,✅ 판매 중 (리뷰가 아직 0개인 신상품),https://www.fila.co.kr/product/1100fs262tr02f003442
1100fs262tr02f004001,✅ 판매 중 (리뷰가 아직 0개인 신상품),https://www.fila.co.kr/product/1100fs262tr02f004001
1100fs262tr02f004442,✅ 판매 중 (리뷰가 아직 0개인 신상품),https://www.fila.co.kr/product/1100fs262tr02f004442
1100fs262tr02f006175,✅ 판매 중 (리뷰가 아직 0개인 신상품),https://www.fila.co.kr/product/1100fs262tr02f006175
1100fs262tr02f006472,✅ 판매 중 (리뷰가 아직 0개인 신상품),https://www.fila.co.kr/product/1100fs262tr02f006472
1100fs262tr02f006626,✅ 판매 중 (리뷰가 아직 0개인 신상품),https://www.fila.co.kr/product/1100fs262tr02f006626
1100fs262tr02u004042,✅ 판매 중 (리뷰가 아직 0개인 신상품),https://www.fila.co.kr/product/1100fs262tr02u004042
1100fs262tr02u004051,✅ 판매 중 (리뷰가 아직 0개인 신상품),https://www.fila.co.kr/product/1100fs262tr02u004051
1100fs262tr02u004217,✅ 판매 중 (리뷰가 아직 0개인 신상품),https://www.fila.co.kr/product/1100fs262tr02u004217
1100fs262tr02u004360,✅ 판매 중 (리뷰가 아직 0개인 신상품),https://www.fila.co.kr/product/1100fs262tr02u004360
1100fs262tr02u004442,✅ 판매 중 (리뷰가 아직 0개인 신상품),https://www.fila.co.kr/product/1100fs262tr02u004442
1100fs262tr02u004660,✅ 판매 중 (리뷰가 아직 0개인 신상품),https://www.fila.co.kr/product/1100fs262tr02u004660
1100fs262tr02x003001,✅ 판매 중 (리뷰가 아직 0개인 신상품),https://www.fila.co.kr/product/1100fs262tr02x003001
1100fs262tr02x003270,✅ 판매 중 (리뷰가 아직 0개인 신상품),https://www.fila.co.kr/product/1100fs262tr02x003270
1100fs262tr02x003350,✅ 판매 중 (리뷰가 아직 0개인 신상품),https://www.fila.co.kr/product/1100fs262tr02x003350
1100fs262tr02x003380,✅ 판매 중 (리뷰가 아직 0개인 신상품),https://www.fila.co.kr/product/1100fs262tr02x003380
1100fs262tr02x007006,✅ 판매 중 (리뷰가 아직 0개인 신상품),https://www.fila.co.kr/product/1100fs262tr02x007006
1100fs262tr02x007270,✅ 판매 중 (리뷰가 아직 0개인 신상품),https://www.fila.co.kr/product/1100fs262tr02x007270
1100fs262ts02f001001,✅ 판매 중 (리뷰가 아직 0개인 신상품),https://www.fila.co.kr/product/1100fs262ts02f001001
1100fs262ts02f001442,✅ 판매 중 (리뷰가 아직 0개인 신상품),https://www.fila.co.kr/product/1100fs262ts02f001442
1100fs262ts02u001001,✅ 판매 중 (리뷰가 아직 0개인 신상품),https://www.fila.co.kr/product/1100fs262ts02u001001
1100fs262ts02u001191,✅ 판매 중 (리뷰가 아직 0개인 신상품),https://www.fila.co.kr/product/1100fs262ts02u001191
1100fs262ts02u001442,✅ 판매 중 (리뷰가 아직 0개인 신상품),https://www.fila.co.kr/product/1100fs262ts02u001442
1100fs262ts11f001191,✅ 판매 중 (리뷰가 아직 0개인 신상품),https://www.fila.co.kr/product/1100fs262ts11f001191
1100fs262ts11f001472,✅ 판매 중 (리뷰가 아직 0개인 신상품),https://www.fila.co.kr/product/1100fs262ts11f001472
1100fs262ts11u001001,✅ 판매 중 (리뷰가 아직 0개인 신상품),https://www.fila.co.kr/product/1100fs262ts11u001001
1100fs262ts11u001472,✅ 판매 중 (리뷰가 아직 0개인 신상품),https://www.fila.co.kr/product/1100fs262ts11u001472
1100fs262ts11u001586,✅ 판매 중 (리뷰가 아직 0개인 신상품),https://www.fila.co.kr/product/1100fs262ts11u001586
1100fs262ts11u004191,✅ 판매 중 (리뷰가 아직 0개인 신상품),https://www.fila.co.kr/product/1100fs262ts11u004191
1100fs262ts11u004472,✅ 판매 중 (리뷰가 아직 0개인 신상품),https://www.fila.co.kr/product/1100fs262ts11u004472
1100fs262ts11u004650,✅ 판매 중 (리뷰가 아직 0개인 신상품),https://www.fila.co.kr/product/1100fs262ts11u004650
1100fs262wp01f002001,✅ 판매 중 (리뷰가 아직 0개인 신상품),https://www.fila.co.kr/product/1100fs262wp01f002001
1100fs262wp01f002150,✅ 판매 중 (리뷰가 아직 0개인 신상품),https://www.fila.co.kr/product/1100fs262wp01f002150
1100fs262wp01f003002,✅ 판매 중 (리뷰가 아직 0개인 신상품),https://www.fila.co.kr/product/1100fs262wp01f003002
1100fs262wp01f003331,✅ 판매 중 (리뷰가 아직 0개인 신상품),https://www.fila.co.kr/product/1100fs262wp01f003331
1100fs262wp01f003443,✅ 판매 중 (리뷰가 아직 0개인 신상품),https://www.fila.co.kr/product/1100fs262wp01f003443
1100fs262wp02f001001,✅ 판매 중 (리뷰가 아직 0개인 신상품),https://www.fila.co.kr/product/1100fs262wp02f001001
1100fs262wp02f001006,✅ 판매 중 (리뷰가 아직 0개인 신상품),https://www.fila.co.kr/product/1100fs262wp02f001006
1170fi253cp01u001370,✅ 판매 중 (리뷰가 아직 0개인 신상품),https://www.fila.co.kr/product/1170fi253cp01u001370
1170fi253sz01u001001,✅ 판매 중 (리뷰가 아직 0개인 신상품),https://www.fila.co.kr/product/1170fi253sz01u001001
1170fi261bf01f005456-1,✅ 판매 중 (리뷰가 아직 0개인 신상품),https://www.fila.co.kr/product/1170fi261bf01f005456-1
1170fi261bf01f015100,✅ 판매 중 (리뷰가 아직 0개인 신상품),https://www.fila.co.kr/product/1170fi261bf01f015100
1170fi261bf01f015101,✅ 판매 중 (리뷰가 아직 0개인 신상품),https://www.fila.co.kr/product/1170fi261bf01f015101
1170fi261bf01f015456,✅ 판매 중 (리뷰가 아직 0개인 신상품),https://www.fila.co.kr/product/1170fi261bf01f015456
1170fi261bf01f015457,✅ 판매 중 (리뷰가 아직 0개인 신상품),https://www.fila.co.kr/product/1170fi261bf01f015457
1170fi261bf01f016100,✅ 판매 중 (리뷰가 아직 0개인 신상품),https://www.fila.co.kr/product/1170fi261bf01f016100
1170fi261bf01f016217,✅ 판매 중 (리뷰가 아직 0개인 신상품),https://www.fila.co.kr/product/1170fi261bf01f016217
1170fi261bf01f016250,✅ 판매 중 (리뷰가 아직 0개인 신상품),https://www.fila.co.kr/product/1170fi261bf01f016250
1170fi261bf01f016660,✅ 판매 중 (리뷰가 아직 0개인 신상품),https://www.fila.co.kr/product/1170fi261bf01f016660
1170fi261bf01f016661,✅ 판매 중 (리뷰가 아직 0개인 신상품),https://www.fila.co.kr/product/1170fi261bf01f016661
1170fi261br01f010456-1,✅ 판매 중 (리뷰가 아직 0개인 신상품),https://www.fila.co.kr/product/1170fi261br01f010456-1
1170fi261br01f027001,✅ 판매 중 (리뷰가 아직 0개인 신상품),https://www.fila.co.kr/product/1170fi261br01f027001
1170fi261br01f027100,✅ 판매 중 (리뷰가 아직 0개인 신상품),https://www.fila.co.kr/product/1170fi261br01f027100
1170fi261br01f027101,✅ 판매 중 (리뷰가 아직 0개인 신상품),https://www.fila.co.kr/product/1170fi261br01f027101
1170fi261br01f027456,✅ 판매 중 (리뷰가 아직 0개인 신상품),https://www.fila.co.kr/product/1170fi261br01f027456
1170fi261br01f032001,✅ 판매 중 (리뷰가 아직 0개인 신상품),https://www.fila.co.kr/product/1170fi261br01f032001
1170fi261br01f032071,✅ 판매 중 (리뷰가 아직 0개인 신상품),https://www.fila.co.kr/product/1170fi261br01f032071
1170fi261br01f032100,✅ 판매 중 (리뷰가 아직 0개인 신상품),https://www.fila.co.kr/product/1170fi261br01f032100
1170fi261br01f032217,✅ 판매 중 (리뷰가 아직 0개인 신상품),https://www.fila.co.kr/product/1170fi261br01f032217
1170fi261br01f032660,✅ 판매 중 (리뷰가 아직 0개인 신상품),https://www.fila.co.kr/product/1170fi261br01f032660
1170fi261mt01u001125,✅ 판매 중 (리뷰가 아직 0개인 신상품),https://www.fila.co.kr/product/1170fi261mt01u001125
1170fi261pj01u001472,✅ 판매 중 (리뷰가 아직 0개인 신상품),https://www.fila.co.kr/product/1170fi261pj01u001472
1170fi261rs01u001100,✅ 판매 중 (리뷰가 아직 0개인 신상품),https://www.fila.co.kr/product/1170fi261rs01u001100
1170fi4bah1149fdid,✅ 판매 중 (리뷰가 아직 0개인 신상품),https://www.fila.co.kr/product/1170fi4bah1149fdid
1170fi4bfh1149fdid,✅ 판매 중 (리뷰가 아직 0개인 신상품),https://www.fila.co.kr/product/1170fi4bfh1149fdid
1170fi4pjh2644ftgr,✅ 판매 중 (리뷰가 아직 0개인 신상품),https://www.fila.co.kr/product/1170fi4pjh2644ftgr
1170fi4pjh2646fopl,✅ 판매 중 (리뷰가 아직 0개인 신상품),https://www.fila.co.kr/product/1170fi4pjh2646fopl
1170fi4pjh2647fnbe,✅ 판매 중 (리뷰가 아직 0개인 신상품),https://www.fila.co.kr/product/1170fi4pjh2647fnbe
belro-sopeuteu-bolryum-beura,✅ 판매 중 (리뷰가 아직 0개인 신상품),https://www.fila.co.kr/product/belro-sopeuteu-bolryum-beura
belro-sopeuteu-bolryum-beura-1,✅ 판매 중 (리뷰가 아직 0개인 신상품),https://www.fila.co.kr/product/belro-sopeuteu-bolryum-beura-1
frogo-koteun-bolkaeb-2,✅ 판매 중 (리뷰가 아직 0개인 신상품),https://www.fila.co.kr/product/frogo-koteun-bolkaeb-2
frogo-koteun-bolkaeb-3,✅ 판매 중 (리뷰가 아직 0개인 신상품),https://www.fila.co.kr/product/frogo-koteun-bolkaeb-3
frogo-koteun-bolkaeb-5,✅ 판매 중 (리뷰가 아직 0개인 신상품),https://www.fila.co.kr/product/frogo-koteun-bolkaeb-5
new-beoteosopeuteu-banpal-tisyeoceu,✅ 판매 중 (리뷰가 아직 0개인 신상품),https://www.fila.co.kr/product/new-beoteosopeuteu-banpal-tisyeoceu
new-beoteosopeuteu-banpal-tisyeoceu-1,✅ 판매 중 (리뷰가 아직 0개인 신상품),https://www.fila.co.kr/product/new-beoteosopeuteu-banpal-tisyeoceu-1
new-beoteosopeuteu-banpal-tisyeoceu-2,✅ 판매 중 (리뷰가 아직 0개인 신상품),https://www.fila.co.kr/product/new-beoteosopeuteu-banpal-tisyeoceu-2
